{"_runtime":79782.877224456,"reward/eval_cse_loss":0.18021827936172485,"epoch":10000,"reward/cse_loss":0.26450270414352417,"reward/eval_trans_loss_best":0.1803576648235321,"_timestamp":1.7399970690810008e+09,"train_time":0.005290508270263672,"best_epoch":1925,"reward/trans_loss":0.26450270414352417,"reward/eval_trans_loss":0.18021827936172485,"_step":10000,"_wandb":{"runtime":79782}}