{"reward/trans_loss":0.26473361253738403,"reward/eval_cse_loss":0.1802186667919159,"_step":10000,"epoch":10000,"_wandb":{"runtime":80241},"best_epoch":1230,"_timestamp":1.7401443861838868e+09,"reward/eval_trans_loss_best":0.18121685087680817,"reward/eval_trans_loss":0.1802186667919159,"_runtime":80241.027737155,"train_time":0.004274845123291016,"reward/cse_loss":0.26473361253738403}