{"_timestamp":1.7399979860324094e+09,"epoch":10000,"train_time":0.005282402038574219,"reward/eval_cse_loss":0.1802184283733368,"_runtime":80701.649572427,"reward/trans_loss":0.26533448696136475,"_step":10000,"reward/eval_trans_loss":0.1802184283733368,"_wandb":{"runtime":80701},"reward/cse_loss":0.26533448696136475,"reward/eval_trans_loss_best":0.180663600564003,"best_epoch":1435}