{"reward/trans_loss":0.26497069001197815,"train_time":0.004865407943725586,"reward/cse_loss":0.26497069001197815,"best_epoch":1780,"reward/eval_trans_loss":0.18021830916404724,"epoch":10000,"reward/eval_cse_loss":0.18021830916404724,"_runtime":79582.099074377,"_timestamp":1.7399968660894923e+09,"reward/eval_trans_loss_best":0.18057581782341003,"_wandb":{"runtime":79582},"_step":10000}