{"reward/trans_loss":0.2644881010055542,"train_time":0.004482746124267578,"_wandb":{"runtime":79715},"reward/eval_cse_loss":0.1802191287279129,"_timestamp":1.7399969945379155e+09,"reward/cse_loss":0.2644881010055542,"reward/eval_trans_loss_best":0.18057788908481598,"reward/eval_trans_loss":0.1802191287279129,"epoch":10000,"best_epoch":1260,"_runtime":79715.042984595,"_step":10000}