{"epoch":10000,"reward/eval_trans_loss_best":0.18095529079437256,"reward/trans_loss":0.26477885246276855,"best_epoch":1305,"_step":10000,"reward/cse_loss":0.26477885246276855,"_runtime":80260.51747408,"_timestamp":1.7401444041537523e+09,"reward/eval_trans_loss":0.18021829426288605,"train_time":0.004575014114379883,"_wandb":{"runtime":80260},"reward/eval_cse_loss":0.18021829426288605}