eval/episode_length,eval/episode_length_std,eval/normalized_episode_reward,eval/normalized_episode_reward_std,loss/actor,loss/q1,loss/q2,loss/v,timestep
385.1,5.127377497317708,20.55230229281299,0.7725433572694268,2.660002497434613,0.039034410312771814,0.03704715667013088,0.002915530722704725,1000
802.3,19.63695495742657,60.593637664799004,1.923632286339426,2.0690653785467124,0.13074712623935175,0.13125393268652247,0.004742795734899111,2000
106.0,26.157216977346806,8.134226000948665,3.730472635484246,1.7209395197629922,0.24659275932982558,0.24773966602236033,0.009616600949317235,3000
