{"reward/cse_loss":0.2650354504585266,"best_epoch":1470,"_runtime":80242.243305819,"_step":10000,"_wandb":{"runtime":80242},"_timestamp":1.7399975493067315e+09,"reward/eval_cse_loss":0.18021829426288605,"epoch":10000,"train_time":0.0054323673248291016,"reward/eval_trans_loss_best":0.18065357208251953,"reward/trans_loss":0.2650354504585266,"reward/eval_trans_loss":0.18021829426288605}