{"best_epoch":1240,"reward/cse_loss":0.2651132047176361,"reward/eval_cse_loss":0.18021827936172485,"_runtime":79495.416221722,"_wandb":{"runtime":79495},"_timestamp":1.739996619885997e+09,"_step":10000,"reward/eval_trans_loss":0.18021827936172485,"reward/eval_trans_loss_best":0.18086086213588715,"reward/trans_loss":0.2651132047176361,"train_time":0.004742622375488281,"epoch":10000}